Business Name,Social Content Type,Specific Topic,Content Brief,Word Count Target,Product Focus URL,CTA URL,SEO Keywords
Athlete Recovery Zone,Educational,The Science Behind Ice Bath Recovery,Explain the physiological benefits of cold water immersion for athletic recovery including inflammation reduction and performance enhancement. Target Skyaxe combat athletes and performance-focused individuals with evidence-based information about optimal protocols and timing.,40,https://www.athleterecoveryzone.co.uk/,https://www.athleterecoveryzone.co.uk/,ice bath therapy Dundee ice bath recovery sports recovery Dundee
Athlete Recovery Zone,Product Highlight,Introducing Dundee's First Dedicated Recovery Facility,Showcase Athlete Recovery Zone as Dundee's pioneering sports recovery destination located within Skyaxe Combat & Fitness. Highlight the first-mover advantage and comprehensive recovery equipment available to the local athletic community.,35,https://www.athleterecoveryzone.co.uk/,https://www.athleterecoveryzone.co.uk/,first recovery facility Dundee Dundee sports recovery athlete recovery zone
Athlete Recovery Zone,Problem & Solution,Combat Sports Recovery - Why Fighters Need Professional Recovery,Address the specific recovery challenges faced by combat athletes at Skyaxe gym including muscle damage from intense training and the need for rapid recovery between sessions. Position ARZ as the solution.,45,https://www.athleterecoveryzone.co.uk/,https://www.athleterecoveryzone.co.uk/,combat sports recovery Skyaxe recovery professional recovery Dundee
Athlete Recovery Zone,Educational,Compression Therapy Explained - Normatec Benefits for Athletes,Educational content about compression therapy technology and how Normatec boots enhance circulation and reduce muscle soreness. Target performance athletes seeking faster recovery times.,40,https://www.athleterecoveryzone.co.uk/,https://www.athleterecoveryzone.co.uk/,compression therapy Dundee Normatec compression boots sports recovery
Athlete Recovery Zone,Community & Stories,Meet Dundee's Recovery Revolution - Inside Skyaxe Partnership,Share the story behind ARZ's strategic partnership with Skyaxe Combat & Fitness and how this collaboration brings professional recovery to Dundee's athletic community for the first time.,50,https://www.athleterecoveryzone.co.uk/,https://www.athleterecoveryzone.co.uk/,Skyaxe partnership Dundee recovery community athlete recovery zone Dundee
Athlete Recovery Zone,Problem & Solution,Gym Anxiety Recovery - Creating Safe Wellness Spaces,Address how ARZ provides a welcoming environment for people with gym anxiety while accessing professional recovery tools. Emphasise inclusive approach and therapeutic benefits beyond sports performance.,45,https://www.athleterecoveryzone.co.uk/,https://www.athleterecoveryzone.co.uk/,gym anxiety recovery wellness Dundee inclusive recovery facility
Athlete Recovery Zone,Educational,Infrared Sauna Benefits - Heat Therapy for Performance,Explain the science behind infrared sauna therapy including cardiovascular benefits muscle recovery and stress reduction. Position as complement to cold therapy for comprehensive recovery protocols.,40,https://www.athleterecoveryzone.co.uk/,https://www.athleterecoveryzone.co.uk/,infrared sauna Dundee sauna benefits sports recovery heat therapy
Athlete Recovery Zone,Product Highlight,TENS Therapy Technology - Professional Pain Relief,Highlight the TENS therapy pods available at ARZ and their benefits for pain management and muscle stimulation. Target athletes dealing with chronic soreness and recovery challenges.,35,https://www.athleterecoveryzone.co.uk/,https://www.athleterecoveryzone.co.uk/,TENS therapy Dundee pain relief sports recovery muscle stimulation
Athlete Recovery Zone,Problem & Solution,Poor Circulation Recovery - Professional Solutions Available,Address circulation issues and how professional recovery equipment at ARZ can help improve blood flow and overall wellness. Target broader wellness market beyond just athletes.,40,https://www.athleterecoveryzone.co.uk/,https://www.athleterecoveryzone.co.uk/,poor circulation recovery circulation therapy Dundee wellness recovery
Athlete Recovery Zone,Educational,Recovery Protocols - When and How to Use Each Modality,Educational guide on optimal recovery protocols combining ice bath infrared sauna compression therapy and TENS for maximum benefit. Include timing and sequencing recommendations.,45,https://www.athleterecoveryzone.co.uk/,https://www.athleterecoveryzone.co.uk/,recovery protocols sports recovery Dundee recovery science athlete recovery
Athlete Recovery Zone,Community & Stories,First Month Success - Dundee Athletes Embrace Recovery,Share early success stories and testimonials from ARZ's first month of operation highlighting the positive impact on local athletes and community response to Dundee's first recovery facility.,50,https://www.athleterecoveryzone.co.uk/,https://www.athleterecoveryzone.co.uk/,athlete recovery success Dundee recovery testimonials first recovery facility
Athlete Recovery Zone,Product Highlight,Complete Recovery Ecosystem - All Modalities Under One Roof,Showcase the comprehensive nature of ARZ's recovery offerings including ice bath infrared sauna compression therapy TENS massage equipment and recovery lounges all in one convenient Dundee location.,40,https://www.athleterecoveryzone.co.uk/,https://www.athleterecoveryzone.co.uk/,comprehensive recovery Dundee complete recovery facility sports recovery equipment
Kit-Mart,Educational,Dropshipping vs Traditional Kit Ordering - The Revolution Explained,Educate grassroots clubs about how Kit-Mart's dropshipping model eliminates the €235000+ warehouse investments required by traditional suppliers like Direct Soccer while maintaining professional quality and faster delivery.,45,kit-mart.co.uk,kit-mart.co.uk,dropship sports kits UK football kit dropshipping grassroots football kits
Kit-Mart,Product Highlight,Kit-Mart Relaunch - Post-COVID Kit Revolution,Announce Kit-Mart's strategic relaunch with updated systems improved turnaround times and new features designed to serve grassroots teams schools and clubs excluded from traditional supplier infrastructure requirements.,40,kit-mart.co.uk,kit-mart.co.uk,Kit-Mart relaunch custom football kits football team kits UK
Kit-Mart,Problem & Solution,Late Sign-Ups No Problem - Mid-Season Kit Solutions,Address the common problem of late player registrations and mid-season kit needs that traditional suppliers struggle to accommodate. Position Kit-Mart's flexible dropshipping as the solution for urgent kit requirements.,40,kit-mart.co.uk,kit-mart.co.uk,late sign ups football kits mid season kit delivery flexible kit ordering
Kit-Mart,Educational,Free Online Club Shop Setup - How It Works,Explain the process and benefits of Kit-Mart's free online club shop setup compared to complex traditional supplier onboarding. Highlight ease of use and no upfront costs for grassroots clubs.,35,kit-mart.co.uk,kit-mart.co.uk,create a club shop online free club shop setup custom club stores
Kit-Mart,Community & Stories,From Direct Soccer to Kit-Mart - Challenging the Giants,Share Kit-Mart's mission to challenge established suppliers requiring massive infrastructure investments and how the business democratises access to professional custom teamwear for excluded grassroots clubs.,50,kit-mart.co.uk,kit-mart.co.uk,challenging traditional suppliers grassroots sports access custom teamwear UK
Kit-Mart,Problem & Solution,School Budget Constraints - Affordable Team Kit Solutions,Address budget pressures facing school PE departments and how Kit-Mart's pay-per-order model eliminates inventory investment requirements that traditional suppliers demand from educational institutions.,45,kit-mart.co.uk,kit-mart.co.uk,school PE kits affordable team kits UK PE kit suppliers UK
Kit-Mart,Educational,Custom Printing Without Bulk Orders - Revolutionary Approach,Educate about Kit-Mart's custom printing capabilities including numbers names and sponsor logos without requiring bulk inventory commitments that exclude smaller clubs from professional customisation.,40,kit-mart.co.uk,kit-mart.co.uk,custom kits with numbers and names football kits with printing personalised sports kits
Kit-Mart,Product Highlight,1-3 Day Delivery Without Warehouses - The Kit-Mart Advantage,Highlight Kit-Mart's ability to deliver custom team kits in 1-3 days without requiring the €235000+ warehouse automation systems that traditional competitors need for similar service levels.,35,kit-mart.co.uk,kit-mart.co.uk,fast football kit delivery 1-3 day kit delivery sports kit ordering
Kit-Mart,Problem & Solution,University Sports Clubs - Student-Friendly Kit Solutions,Address the unique challenges facing university sports clubs including limited budgets frequent kit changes and difficulty accessing traditional supplier infrastructure designed for larger organisations.,40,kit-mart.co.uk,kit-mart.co.uk,university sports kits student sports teams custom teamwear UK
Kit-Mart,Educational,Charity Tournament Kit Solutions - Professional Without Barriers,Explain how Kit-Mart serves charity tournaments and community events by eliminating the complex supplier relationships and bulk ordering requirements that make traditional kit ordering challenging for one-off events.,45,kit-mart.co.uk,kit-mart.co.uk,football kits for charity tournaments charity sports events custom sports kits
Kit-Mart,Community & Stories,Grassroots Success Stories - Teams Kit-Mart Has Equipped,Share success stories from grassroots teams schools and clubs that have benefited from Kit-Mart's accessible approach to professional custom teamwear without traditional supplier barriers.,50,kit-mart.co.uk,kit-mart.co.uk,grassroots football success Kit-Mart success stories custom teamwear success
Kit-Mart,Product Highlight,Complete Teamwear Range - Football Rugby and Beyond,Showcase Kit-Mart's comprehensive range covering football rugby and general team sportswear with custom options for all sports without the inventory commitments required by traditional multi-sport suppliers.,40,kit-mart.co.uk,kit-mart.co.uk,sports kits for teams football rugby teamwear custom sports equipment UK